Domain,Question,Answer,Keywords
C++,What happens if a virtual function is called inside a constructor or destructor?,Virtual functions do not exhibit polymorphic behavior inside constructors or destructors. The function of the current class is called because the derived class is not fully constructed or already destroyed.,"virtual, function, constructor, destructor, polymorphic, derived, class"
C++,Explain the Rule of Three/Five in C++?,If a class defines a destructor copy constructor or copy assignment operator it should likely define all three. With C++11 this extends to five including move constructor and move assignment operator to properly manage resources.,"rule, three, five, destructor, copy, constructor, assignment, move"
C++,What is move semantics and why is it important?,Move semantics allows resources to be transferred from temporary objects instead of copied improving performance. It is implemented using rvalue references and move constructors.,"move, semantics, rvalue, references, performance, temporary, constructors"
C++,What are lvalues and rvalues?,Lvalues refer to objects that have a persistent memory location whereas rvalues are temporary objects that do not persist beyond the expression.,"lvalues, rvalues, memory, persistent, temporary, expression"
C++,Explain shallow copy vs deep copy with a real issue scenario?,Shallow copy copies pointer addresses leading to shared memory and potential double deletion whereas deep copy duplicates the actual data preventing such issues.,"shallow, deep, copy, pointer, memory, deletion, data"
C++,What is RAII and why is it critical?,RAII Resource Acquisition Is Initialization ensures that resource allocation and deallocation are tied to object lifetime preventing leaks and ensuring exception safety.,"RAII, resource, allocation, deallocation, lifetime, leaks, exception, safety"
C++,What is undefined behavior in C++? Give examples.,Undefined behavior occurs when the C++ standard does not define the outcome such as accessing out of bounds memory dereferencing null pointers or modifying a variable multiple times without sequence points.,"undefined, behavior, memory, dereference, null, pointer, sequence, bounds"
C++,What is the difference between new/delete and malloc/free?,new/delete are operators in C++ that call constructors and destructors whereas malloc/free are C functions that only allocate and deallocate raw memory.,"new, delete, malloc, free, constructor, destructor, memory, allocation"
C++,Explain smart pointers and their types?,Smart pointers manage dynamic memory automatically. unique_ptr provides exclusive ownership shared_ptr allows shared ownership and weak_ptr prevents cyclic references.,"smart, pointer, unique_ptr, shared_ptr, weak_ptr, ownership, memory"
C++,What is a dangling pointer?,A dangling pointer points to memory that has already been freed leading to undefined behavior if accessed.,"dangling, pointer, memory, freed, undefined, behavior"
C++,What are memory leaks and how to prevent them?,Memory leaks occur when allocated memory is not deallocated. They can be prevented using RAII smart pointers and proper resource management.,"memory, leaks, RAII, smart, pointers, resource, management"
C++,Explain virtual destructors and why they are needed?,A virtual destructor ensures that the correct destructor is called when deleting derived objects through base class pointers preventing resource leaks.,"virtual, destructor, derived, base, class, resource, leaks"
C++,What is object slicing?,Object slicing occurs when a derived class object is assigned to a base class object causing loss of derived class specific data.,"object, slicing, derived, base, class, data"
C++,What are templates and how do they work internally?,Templates allow generic programming. The compiler generates specific implementations during compilation through template instantiation.,"templates, generic, programming, compiler, instantiation"
C++,What is SFINAE?,Substitution Failure Is Not An Error is a template metaprogramming principle where invalid template substitutions are ignored rather than causing compilation errors.,"SFINAE, substitution, template, metaprogramming, error, compilation"
C++,Explain constexpr and its use cases?,constexpr allows evaluation of expressions at compile time improving performance and enabling compile-time computations.,"constexpr, compile, time, performance, evaluation, computation"
C++,What is the difference between const and constexpr?,const defines immutable variables at runtime whereas constexpr ensures values are computed at compile time.,"const, constexpr, runtime, compile, immutable, variables"
C++,What are lambda expressions?,Lambda expressions are anonymous functions that can capture variables from their surrounding scope and are widely used in STL algorithms.,"lambda, expressions, anonymous, functions, capture, STL, algorithms"
C++,Explain capture list in lambdas?,Capture list specifies how variables are captured into lambda by value by reference or mixed modes.,"capture, list, lambda, value, reference, variables"
C++,What is multithreading issue race condition?,Race condition occurs when multiple threads access shared data concurrently leading to unpredictable results.,"race, condition, multithreading, threads, shared, data, concurrent"
C++,What is mutex and how does it work?,A mutex is a synchronization primitive that ensures only one thread can access a critical section at a time.,"mutex, synchronization, primitive, thread, critical, section"
C++,What is deadlock?,Deadlock occurs when two or more threads are waiting indefinitely for resources held by each other.,"deadlock, threads, resources, waiting, indefinite"
C++,Explain condition variables?,Condition variables allow threads to wait until a particular condition is met and are used with mutexes for synchronization.,"condition, variables, threads, wait, mutex, synchronization"
C++,What is the difference between compile-time and runtime polymorphism?,Compile-time polymorphism is achieved using function overloading and templates whereas runtime polymorphism uses virtual functions and inheritance.,"compile-time, runtime, polymorphism, overloading, templates, virtual, inheritance"
C++,What is vtable and vptr?,vtable is a table of function pointers for virtual functions and vptr is a pointer in each object that points to the vtable enabling dynamic dispatch.,"vtable, vptr, function, pointers, virtual, dispatch"
C++,What is C++?,C++ is a general-purpose programming language that supports procedural programming object-oriented programming and generic programming. It is widely used for system software game development and performance-critical applications.,"C++, programming, language, procedural, object-oriented, generic, system, software, game"
C++,What is the difference between C and C++?,C is a procedural programming language whereas C++ supports both procedural and object-oriented programming. C++ includes features like classes inheritance polymorphism and encapsulation which are not present in C.,"C, C++, procedural, object-oriented, classes, inheritance, polymorphism, encapsulation"
C++,What is a class in C++?,A class is a user-defined data type that contains variables and functions. It is used to create objects and implements the concept of encapsulation.,"class, user-defined, data, type, variables, functions, encapsulation"
C++,What is an object?,An object is an instance of a class. It represents a real-world entity and contains data and functions defined by its class.,"object, instance, class, entity, data, functions"
C++,What is encapsulation?,Encapsulation is the concept of wrapping data and functions into a single unit called a class and restricting direct access to some components using access specifiers.,"encapsulation, data, functions, class, access, specifiers"
C++,What is inheritance?,Inheritance is a feature where one class acquires properties and behavior of another class. It promotes code reusability.,"inheritance, class, properties, behavior, reusability"
C++,What is polymorphism?,Polymorphism means having multiple forms. In C++ it allows functions or operators to behave differently based on context such as function overloading and operator overloading.,"polymorphism, functions, operators, overloading, context"
C++,What are access specifiers?,Access specifiers define the accessibility of class members. The three types are public private and protected.,"access, specifiers, public, private, protected"
C++,What is a constructor?,A constructor is a special member function of a class that is automatically called when an object is created. It initializes the object.,"constructor, member, function, class, object, initialize"
C++,What is a destructor?,A destructor is a special function that is automatically called when an object goes out of scope or is deleted. It is used to release resources.,"destructor, function, object, scope, deleted, resources"
C++,What is function overloading?,Function overloading is defining multiple functions with the same name but different parameters in the same scope.,"function, overloading, parameters, scope"
C++,What is operator overloading?,Operator overloading allows operators to be redefined for user-defined types to perform specific operations.,"operator, overloading, user-defined, types, operations"
C++,What is a pointer?,A pointer is a variable that stores the memory address of another variable.,"pointer, variable, memory, address"
C++,What is dynamic memory allocation?,Dynamic memory allocation is allocating memory at runtime using operators like new and delete.,"dynamic, memory, allocation, runtime, new, delete"
C++,What is the difference between stack and heap memory?,Stack memory is used for static memory allocation and function calls while heap memory is used for dynamic memory allocation and managed manually by the programmer.,"stack, heap, memory, static, dynamic, allocation, "
C++,What is a reference variable?,A reference variable is an alias for another variable. It must be initialized when declared and cannot be changed later.,"reference, variable, alias, initialized"
C++,What is the difference between pass by value and pass by reference?,Pass by value sends a copy of the variable while pass by reference sends the actual variable allowing modifications to affect the original.,"pass, value, reference, copy, variable, modifications"
C++,What is a virtual function?,A virtual function is a member function that is declared using the virtual keyword and can be overridden in derived classes to achieve runtime polymorphism.,"virtual, function, member, keyword, overridden, derived, polymorphism"
C++,What is a pure virtual function?,A pure virtual function is a function declared with =0 and has no implementation in the base class. It makes the class abstract.,"pure, virtual, function, base, class, abstract"
C++,What is STL in C++?,STL stands for Standard Template Library. It provides data structures and algorithms like vectors lists maps and sorting functions.,"STL, standard, template, library, data, structures, algorithms, vectors, lists, maps"
C++,What is a vector?,A vector is a dynamic array provided by STL that can grow or shrink in size automatically.,"vector, dynamic, array, STL, grow, shrink"
C++,What is a map in C++?,A map is an associative container that stores elements in key-value pairs with unique keys.,"map, associative, container, key, value, pairs"
C++,Explain exception handling in C++,Exception handling is used to handle runtime errors using try catch and throw blocks to prevent program crashes.,"exception, handling, runtime, errors, try, catch, throw"
C++,What is multithreading?,Multithreading is the ability to run multiple threads simultaneously to perform tasks concurrently.,"multithreading, threads, simultaneous, concurrent, tasks"
C++,What is the difference between struct and class?,The main difference is that members of a struct are public by default while members of a class are private by default.,"struct, class, members, public, private, default"
Python,What is Python?,Python is a high-level interpreted programming language known for readability and versatility used in web development data science automation and AI.,"python, high-level, interpreted, readability, versatility, web, data, science, automation, AI"
Python,What are Python data types?,Common data types include int float str list tuple set and dict.,"data, types, int, float, str, list, tuple, set, dict"
Python,Difference between list and tuple?,Lists are mutable whereas tuples are immutable and generally faster.,"list, tuple, mutable, immutable, faster"
Python,What is a dictionary?,A dictionary is an unordered collection of key-value pairs.,"dictionary, unordered, collection, key, value, pairs"
Python,What is a set?,A set is an unordered collection of unique elements.,"set, unordered, collection, unique, elements"
Python,What is list comprehension?,A concise way to create lists using a single line expression.,"list, comprehension, concise, expression"
Python,What is a function?,A reusable block of code that performs a specific task.,"function, reusable, code, task"
Python,What is lambda function?,An anonymous function defined using lambda keyword for short operations.,"lambda, function, anonymous, keyword, operations"
Python,What is recursion?,A function calling itself to solve smaller subproblems.,"recursion, function, calling, subproblems"
Python,Explain *args and **kwargs?,*args allows variable positional arguments and **kwargs allows variable keyword arguments.,"args, kwargs, positional, keyword, arguments"
Python,What is GIL?,Global Interpreter Lock ensures only one thread executes Python bytecode at a time limiting true parallelism.,"GIL, global, interpreter, lock, thread, bytecode, parallelism"
Python,What is shallow vs deep copy?,Shallow copy copies references whereas deep copy copies entire nested objects.,"shallow, deep, copy, references, nested, objects"
Python,Explain decorators?,Decorators modify behavior of functions using wrapper functions.,"decorators, modify, behavior, functions, wrapper"
Python,What are generators?,Generators yield values one at a time using yield keyword saving memory.,"generators, yield, values, keyword, memory"
Python,Difference between iterator and generator?,Iterators use __iter__ and __next__ methods whereas generators are simpler using yield.,"iterator, generator, iter, next, yield"
Python,What is duck typing?,Type checking is based on object behavior not type.,"duck, typing, type, checking, behavior"
Python,What is monkey patching?,Dynamically modifying classes or modules at runtime.,"monkey, patching, modifying, classes, modules, runtime"
Python,Explain context managers?,Used with with statement to manage resources automatically using __enter__ and __exit__.,"context, managers, with, statement, resources, enter, exit"
Python,What is metaclass?,A class of a class that defines how classes behave.,"metaclass, class, defines, behavior"
Python,What is MRO?,Method Resolution Order defines order of method lookup in inheritance.,"MRO, method, resolution, order, inheritance"
Python,What is asyncio?,Library for writing concurrent code using async and await.,"asyncio, library, concurrent, async, await"
Python,Difference between multithreading and multiprocessing?,Threads share memory but are limited by GIL whereas processes run independently enabling parallelism.,"multithreading, multiprocessing, threads, memory, GIL, processes, parallelism"
Python,What are coroutines?,Functions that can pause and resume execution using async and await.,"coroutines, functions, pause, resume, async, await"
Python,Explain memory management in Python?,Uses automatic garbage collection and reference counting.,"memory, management, garbage, collection, reference, counting"
Python,What is reference counting?,Keeps track of number of references to an object and deletes when zero.,"reference, counting, object, delete"
Python,What is cyclic garbage?,Objects referencing each other causing memory leaks handled by GC.,"cyclic, garbage, objects, references, leaks, GC"
Python,What is __slots__?,Limits dynamic attribute creation reducing memory usage.,"slots, dynamic, attribute, creation, memory, usage"
Python,Explain difference between is and ==?,is checks identity whereas == checks value equality.,"is, identity, equals, value, equality"
Python,What are descriptors?,Objects that define __get__ __set__ methods to manage attribute access.,"descriptors, get, set, attribute, access"
Python,Explain threading issues like race condition?,Occurs when multiple threads access shared data causing unpredictable results.,"threading, race, condition, threads, shared, data"
Python,Your Flask API becomes slow under high traffic. What could be wrong and how would you fix it?,"Likely due to synchronous handling and GIL limitations. Use async frameworks like FastAPI, add Gunicorn workers, optimize queries, and use caching.","flask, API, slow, traffic, GIL, async, FastAPI, Gunicorn, queries, caching"
Python,Your program memory usage keeps increasing over time. How do you debug it?,"Use tracemalloc, check circular references, ensure unused objects are deleted, and analyze memory leaks.","memory, usage, tracemalloc, circular, references, leaks"
Python,What will be output and why? def f(a=[]): a.append(1); return a,"Outputs [1] then [1,1] because default mutable arguments persist across function calls.","output, mutable, arguments, default, function, calls"
Python,Multiple threads updating shared variable give wrong results. Fix?,Use threading.Lock or synchronization primitives to avoid race conditions.,"threads, shared, variable, lock, synchronization, race"
Python,Processing a 10GB file crashes system. Solution?,"Use generators, read in chunks, avoid loading entire file, possibly multiprocessing.","file, 10GB, crash, generators, chunks, multiprocessing"
Python,SQL queries in your app are slow. What do you do?,"Add indexing, optimize queries, avoid SELECT *, cache results, batch operations.","SQL, queries, slow, indexing, optimize, cache, batch"
Python,Multithreaded program freezes randomly. Cause?,Likely deadlock due to improper locking. Fix with consistent lock order or timeouts.,"multithreaded, program, freeze, deadlock, locking, lock, order, timeouts"
Python,Code works locally but crashes in production. Debug approach?,"Check logs, replicate environment, use proper logging, monitor with tools like Sentry.","code, crashes, production, logs, environment, logging, monitor, sentry"
Python,Design system to handle millions of requests.,"Use async frameworks, load balancing, caching, horizontal scaling, microservices.","system, millions, requests, async, frameworks, load, balancing, caching, scaling, microservices"
Python,User input directly used in SQL query. Risk and fix?,SQL injection risk. Use parameterized queries or ORM.,"SQL, injection, risk, parameterized, queries, ORM"
Python,List modification during iteration causes bugs. Why?,Modifying list while iterating changes indices leading to unexpected behavior.,"list, modification, iteration, indices, bugs, behavior"
Python,High CPU usage in Python app. How to optimize?,"Profile code, optimize loops, use multiprocessing, vectorization, or C extensions.","CPU, python, optimize, loops, multiprocessing, vectorization, extensions"
Python,Function returns wrong results intermittently.,Could be due to shared mutable state or concurrency issues.,"function, wrong, results, mutable, state, concurrency"
Python,Large JSON parsing is slow.,Use streaming parsers like ijson or optimize data handling.,"JSON, parsing, slow, streaming, parsers, ijson, optimize"
Python,Need fast lookup for large dataset.,Use dictionaries or sets for O(1) lookup.,"fast, lookup, dataset, dictionaries, sets"
Python,Recursive function hits recursion limit.,Use iterative approach or increase recursion limit cautiously.,"recursive, function, recursion, limit, iterative, approach"
Python,App startup time is slow.,"Lazy loading, optimize imports, reduce heavy initialization.","app, startup, slow, lazy, loading, imports, initialization"
Python,Two modules have circular import error.,"Refactor code, move imports inside functions, or redesign dependencies.","modules, circular, import, error, refactor, dependencies"
Python,Need to share data safely between processes.,Use multiprocessing.Queue or Manager.,"share, data, processes, multiprocessing, queue, manager"
Python,Program not releasing file resources.,Use context managers (with statement) to ensure proper cleanup.,"program, file, resources, context, managers, cleanup"
Java,What is Java?,Java is a high-level object-oriented programming language known for platform independence using the JVM.,"java, high-level, object-oriented, programming, language, platform, independence, JVM"
Java,What is JVM?,Java Virtual Machine executes Java bytecode and provides platform independence.,"JVM, java, virtual, machine, bytecode, platform, independence"
Java,What is JDK vs JRE?,JDK is development kit including compiler and tools whereas JRE provides runtime environment.,"JDK, JRE, development, kit, compiler, tools, runtime, environment"
Java,What is OOP?,Object-Oriented Programming uses concepts like classes objects inheritance polymorphism encapsulation.,"OOP, object-oriented, programming, classes, objects, inheritance, polymorphism, encapsulation"
Java,What is a class?,A class is a blueprint for creating objects containing fields and methods.,"class, blueprint, objects, fields, methods"
Java,What is an object?,An object is an instance of a class.,"object, instance, class"
Java,What is inheritance?,Inheritance allows one class to acquire properties of another class.,"inheritance, class, properties"
Java,What is polymorphism?,Polymorphism allows methods to behave differently based on context.,"polymorphism, methods, context"
Java,What is encapsulation?,Encapsulation is wrapping data and methods into a single unit and restricting access.,"encapsulation, data, methods, unit, access"
Java,What is abstraction?,Abstraction hides implementation details and shows only essential features.,"abstraction, implementation, details, essential, features"
Java,What is method overloading?,Defining multiple methods with same name but different parameters.,"method, overloading, multiple, parameters"
Java,What is method overriding?,Redefining a method in subclass with same signature.,"method, overriding, subclass, signature"
Java,What is interface?,An interface defines abstract methods that a class must implement.,"interface, abstract, methods, implement, class"
Java,What is abstract class?,A class that cannot be instantiated and may contain abstract methods.,"abstract, class, instantiated, methods"
Java,What is final keyword?,final prevents modification of variables methods or classes.,"final, keyword, variables, methods, classes"
Java,What is static keyword?,static members belong to class rather than instances.,"static, keyword, members, class, instances"
Java,What is exception handling?,Handling runtime errors using try catch finally blocks.,"exception, handling, runtime, errors, try, catch, finally"
Java,What is multithreading?,Running multiple threads concurrently within a program.,"multithreading, threads, concurrent, program"
Java,What is synchronization?,Controlling access to shared resources to avoid race conditions.,"synchronization, access, shared, resources, race, conditions"
Java,What is deadlock?,A situation where threads wait indefinitely for resources.,"deadlock, threads, resources, wait, indefinite"
Java,What is garbage collection?,Automatic memory management that removes unused objects.,"garbage, collection, memory, management, unused, objects"
Java,Explain memory model in Java?,Includes heap stack method area where objects and variables are stored.,"memory, model, heap, stack, method, area, objects, variables"
Java,What is String immutability?,String objects cannot be changed once created.,"string, immutability, objects, changed, created"
Java,What is difference between == and equals()?,== compares references whereas equals compares values.,"equals, references, values, compare"
Java,What is HashMap?,A collection storing key value pairs with fast lookup.,"hashmap, collection, key, value, pairs, lookup"
Java,What is ConcurrentHashMap?,Thread-safe version of HashMap for concurrent access.,"concurrenthashmap, thread-safe, hashmap, concurrent, access"
Java,What is volatile keyword?,Ensures visibility of changes across threads.,"volatile, keyword, visibility, changes, threads"
Java,What is Executor framework?,Provides thread pool management for efficient concurrency.,"executor, framework, thread, pool, concurrency"
Java,What is Stream API?,Allows functional-style operations on collections like filter map reduce.,"stream, API, functional, operations, collections, filter, map, reduce"
Java,What is lambda expression?,Anonymous function used in functional programming.,"lambda, expression, anonymous, function, functional, "
Java,Your Java web app slows under high load. What could be wrong?,"Possible thread exhaustion or blocking I/O. Use thread pools, async processing, optimize DB queries, and caching.","java, web, app, slow, load, thread, exhaustion, blocking, I/O, thread, pools, async, caching"
Java,Memory usage keeps increasing in your app. Diagnose?,"Likely memory leak. Use profiling tools like VisualVM, check object references, and ensure proper GC behavior.","memory, usage, leak, profiling, VisualVM, references, GC"
Java,Multiple threads update shared data incorrectly. Fix?,"Use synchronization, locks, or concurrent collections like ConcurrentHashMap.","threads, shared, data, synchronization, locks, concurrent, collections, ConcurrentHashMap"
Java,Application crashes with NullPointerException randomly.,"Check null handling, add validations, use Optional, and analyze logs.","application, crash, NullPointerException, null, validations, Optional, logs"
Java,Database queries are slow in production.,"Add indexing, optimize queries, use connection pooling, and caching.","database, queries, slow, indexing, optimize, connection, pooling, caching"
Java,Deadlock occurs in multithreaded program.,"Ensure consistent lock order, reduce nested locks, and use tryLock.","deadlock, multithreaded, program, lock, order, nested, tryLock"
Java,High CPU usage in Java application.,"Profile code, optimize loops, avoid excessive object creation, and use efficient algorithms.","CPU, java, application, profile, loops, object, creation, algorithms"
Java,OutOfMemoryError occurs frequently.,"Increase heap size, optimize memory usage, fix leaks, and tune GC.","OutOfMemoryError, heap, memory, leaks, GC"
Java,App works locally but fails in production.,"Check environment differences, configs, logs, and dependencies.","app, local, production, environment, configs, logs, dependencies"
Java,Need to handle millions of requests.,"Use load balancing, microservices, caching, async processing, and scaling.","millions, requests, load, balancing, microservices, caching, async, scaling"
Java,Concurrent modification exception occurs.,Avoid modifying collection during iteration or use iterator.remove().,"concurrent, modification, exception, collection, iteration, iterator, remove"
Java,Slow startup time of application.,"Optimize class loading, reduce heavy initialization, lazy loading.","startup, application, class, loading, initialization, lazy"
Java,REST API response time is high.,"Optimize logic, use caching, async calls, and DB tuning.","REST, API, response, caching, async, DB, tuning"
Java,Frequent GC pauses affecting performance.,"Tune GC, reduce object creation, and use appropriate collectors.","GC, pauses, performance, tune, object, creation, collectors"
Java,Need thread-safe singleton implementation.,Use enum singleton or double-checked locking.,"thread-safe, singleton, enum, double-checked, locking"
Java,Circular dependency in Spring application.,Refactor design or use setter injection.,"circular, dependency, spring, application, refactor, setter, injection"
Java,Data inconsistency in distributed system.,"Use transactions, eventual consistency, and proper synchronization.","data, inconsistency, distributed, system, transactions, consistency, synchronization"
Java,File not closing properly.,Use try-with-resources to ensure closure.,"file, closing, try-with-resources, closure"
Java,Need fast search in large dataset.,"Use HashMap, indexing, or search trees.","fast, search, dataset, HashMap, indexing, trees"
Java,Security issue with user input in queries.,Prevent SQL injection using prepared statements.,"security, user, input, queries, SQL, injection, prepared, statements"
DSA,What is a data structure?,"A data structure is a way of organizing and storing data efficiently for operations like access, insertion, and deletion.","data, structure, organizing, storing, access, insertion,deletion"
DSA,What is time complexity?,Time complexity measures how the runtime of an algorithm grows with input size.,"time, complexity, runtime, algorithm, input, size"
DSA,Difference between array and linked list?,"Arrays store elements in contiguous memory with fixed size, while linked lists use nodes with pointers allowing dynamic size.","array, linked, list, contiguous, memory, nodes, pointers, dynamic"
DSA,What is a stack?,A stack is a LIFO data structure where elements are inserted and removed from the top.,"stack, LIFO, data, structure, top"
DSA,What is a queue?,A queue is a FIFO data structure where elements are inserted at rear and removed from front.,"queue, FIFO, data, structure, rear, front"
DSA,What is recursion?,Recursion is a technique where a function calls itself to solve smaller subproblems.,"recursion, function, calls, subproblems"
DSA,What is binary search?,Binary search is an efficient algorithm to find an element in a sorted array with O(log n) time complexity.,"binary, search, algorithm, sorted, array, log, complexity"
DSA,What is a tree?,A tree is a hierarchical data structure consisting of nodes connected by edges.,"tree, hierarchical, nodes, edges"
DSA,What is a graph?,A graph is a collection of nodes and edges representing relationships.,"graph, nodes, edges, relationships"
DSA,What is hashing?,Hashing maps data to fixed-size values using hash functions for fast lookup.,"hashing, data, hash, functions, lookup"
DSA,Explain quicksort?,Quicksort is a divide and conquer algorithm that selects a pivot and partitions the array around it.,"quicksort, divide, conquer, algorithm, pivot, partition"
DSA,What is merge sort?,"Merge sort divides the array into halves, sorts them, and merges them back.","merge, sort, array, halves, merges"
DSA,What is dynamic programming?,DP solves problems by breaking them into overlapping subproblems and storing results.,"dynamic, programming, overlapping, subproblems, storing"
DSA,What is greedy algorithm?,Greedy algorithms make locally optimal choices hoping for global optimum.,"greedy, algorithm, locally, optimal, global"
DSA,What is BFS and DFS?,"BFS explores level by level using queue, DFS explores depth using stack or recursion.","BFS, DFS, queue, stack, recursion"
DSA,What is a heap?,A heap is a complete binary tree satisfying heap property (min or max).,"heap, binary, tree, min, max"
DSA,What is a trie?,A trie is a tree-like structure used for efficient retrieval of strings.,"trie, tree, structure, retrieval, strings"
DSA,What is topological sort?,"Ordering of nodes in a DAG such that for every directed edge u->v, u comes before v.","topological, sort, DAG, nodes, edges, ordering"
DSA,What is union-find?,A data structure to track disjoint sets with union and find operations.,"union, find, disjoint, sets, operations"
DSA,What is sliding window technique?,Technique to reduce time complexity by maintaining a window over data.,"sliding, window, technique, time, complexity, data"
DSA,Your algorithm is too slow for large input. What do you do?,"Analyze time complexity, optimize using better algorithms or data structures, and reduce nested loops.","algorithm, slow, input, time, complexity, optimize, data, structures, loops"
DSA,You need fast search and insert operations. Which DS?,Use hash tables or balanced BSTs depending on requirements.,"search, insert, hash, tables, balanced, BST"
DSA,Memory usage is too high. How to optimize?,"Use space-efficient structures, avoid redundancy, and optimize recursion.","memory, usage, optimize, space, recursion, redundancy"
DSA,Detect cycle in graph. Approach?,Use DFS with visited tracking or union-find for undirected graphs.,"cycle, graph, DFS, visited, union-find, undirected"
DSA,Find shortest path in weighted graph.,Use Dijkstra algorithm for non-negative weights or Bellman-Ford otherwise.,"shortest, path, weighted, graph, Dijkstra, Bellman-Ford"
DSA,Find longest substring without repeating characters.,Use sliding window with hash set or map.,"longest, substring, repeating, characters, sliding, window, hash, set, map"
DSA,System crashes due to recursion depth.,Convert recursion to iteration or increase stack size cautiously.,"recursion, depth, crash, iteration, stack"
DSA,Frequent range queries on array.,Use segment tree or Fenwick tree.,"range, queries, array, segment, tree, Fenwick"
DSA,Need real-time median from stream.,Use two heaps (min and max heap).,"median, stream, heaps, min, max"
DSA,Optimize repeated computations.,Use memoization or dynamic programming.,"optimize, computations, memoization, dynamic, programming"
DSA,Explain Kadane’s Algorithm and its use.,Kadane’s Algorithm finds the maximum subarray sum in O(n) by maintaining current and global maximum sums.,"Kadane, algorithm, maximum, subarray, sum, O(n), global"
DSA,Difference between Bellman-Ford and Dijkstra?,"Dijkstra works for non-negative weights and is faster, while Bellman-Ford handles negative weights but is slower.","Bellman-Ford, Dijkstra, weights, negative, faster, slower"
DSA,Explain Floyd-Warshall algorithm.,It finds shortest paths between all pairs of nodes using dynamic programming in O(n^3).,"Floyd-Warshall, shortest, paths, nodes, dynamic, programming, O(n^3)"
DSA,What is backtracking?,A technique to solve problems by trying all possibilities and undoing choices when they fail.,"backtracking, technique, problems, possibilities, undo"
DSA,Explain N-Queens problem approach.,Use backtracking to place queens ensuring no two attack each other.,"N-Queens, backtracking, queens, attack"
DSA,What is branch and bound?,An optimization technique that prunes branches that cannot yield better solutions.,"branch, bound, optimization, prune, solutions"
DSA,Explain KMP string matching algorithm.,KMP uses LPS array to avoid rechecking characters achieving O(n+m) time.,"KMP, string, matching, LPS, array, characters, O(n+m)"
DSA,What is Rabin-Karp algorithm?,Uses hashing to find pattern matches efficiently in strings.,"Rabin-Karp, algorithm, hashing, pattern, matches, strings"
DSA,Explain suffix array.,A sorted array of suffixes used for fast substring queries.,"suffix, array, sorted, substring, queries"
DSA,What is Tarjan’s algorithm?,Finds strongly connected components in a graph using DFS.,"Tarjan, algorithm, strongly, connected, components, graph, DFS"
DSA,Explain articulation points in graph.,Nodes whose removal increases number of connected components.,"articulation, points, graph, nodes, removal, components"
DSA,What is bridge in graph?,An edge whose removal disconnects the graph.,"bridge, graph, edge, removal, disconnect"
DSA,Explain Kosaraju’s algorithm.,Finds strongly connected components using two DFS passes.,"Kosaraju, algorithm, strongly, connected, components, DFS"
DSA,What is bit manipulation used for?,Optimizing computations using bitwise operations for speed and memory.,"bit, manipulation, bitwise, operations, speed, memory"
DSA,Explain subset generation using bitmask.,Each subset is represented as a binary number indicating inclusion of elements.,"subset, generation, bitmask, binary, elements"
DSA,What is meet-in-the-middle approach?,Splits problem into two halves to reduce complexity from exponential to manageable.,"meet-in-the-middle, problem, halves, complexity, exponential"
DSA,Explain Mo’s algorithm.,Used for range queries with offline processing and sqrt decomposition.,"Mo, algorithm, range, queries, offline, sqrt, decomposition"
DSA,What is heavy-light decomposition?,Decomposes tree into paths to answer queries efficiently.,"heavy-light, decomposition, tree, paths, queries"
DSA,Explain persistent data structures.,Structures that preserve previous versions after modifications.,"persistent, data, structures, versions, modifications"
DSA,What is randomized algorithm?,Uses randomness to improve performance or simplicity like quicksort pivot selection.,"randomized, algorithm, randomness, performance, quicksort, pivot"
Operating System,What is an Operating System?,An operating system is system software that manages hardware resources and provides services for computer programs.,"operating, system, software, hardware, resources, services, programs"
Operating System,What is a process?,A process is a program in execution with its own memory space.,"process, program, execution, memory, space"
Operating System,What is a thread?,A thread is a lightweight unit of execution within a process sharing resources.,"thread, lightweight, execution, process, resources"
Operating System,Difference between process and thread?,Processes have separate memory spaces while threads share memory within a process.,"process, thread, memory, separate, share"
Operating System,What is context switching?,Switching CPU from one process or thread to another saving and restoring state.,"context, switching, CPU, process, thread, state"
Operating System,What is scheduling?,The method by which OS decides which process gets CPU time.,"scheduling, OS, process, CPU, time"
Operating System,Explain FCFS scheduling.,First Come First Serve executes processes in arrival order.,"FCFS, scheduling, first, come, serve, arrival, order"
Operating System,Explain Round Robin scheduling.,Each process gets a fixed time slice in cyclic order.,"round, robin, scheduling, process, time, slice, cyclic"
Operating System,What is deadlock?,A situation where processes wait indefinitely for resources.,"deadlock, processes, wait, indefinitely, resources"
Operating System,What are necessary conditions for deadlock?,"Mutual exclusion, hold and wait, no preemption, and circular wait.","deadlock, mutual, exclusion, hold, wait, preemption, circular"
Operating System,What is paging?,Memory management technique dividing memory into fixed-size pages.,"paging, memory, management, fixed, size, pages"
Operating System,What is segmentation?,Memory divided into variable-sized segments based on program structure.,"segmentation, memory, variable, segments, program"
Operating System,What is virtual memory?,Technique allowing execution of processes larger than physical memory.,"virtual, memory, processes, physical"
Operating System,What is thrashing?,Excessive paging leading to performance degradation.,"thrashing, paging, performance, degradation"
Operating System,What is a page fault?,Occurs when required page is not in memory.,"page, fault, memory"
Operating System,What is demand paging?,Pages are loaded only when needed.,"demand, paging, pages, loaded"
Operating System,What is file system?,Structure used by OS to store and manage files.,"file, system, OS, store, manage"
Operating System,What is inode?,Data structure storing metadata about files.,"inode, data, structure, metadata, files"
Operating System,What is system call?,Interface between user programs and OS services.,"system, call, interface, user, programs, OS"
Operating System,What is kernel?,Core component of OS managing system resources.,"kernel, OS, core, resources"
Operating System,Multiple processes stuck waiting for each other. Diagnose?,"Deadlock likely occurred. Use prevention, avoidance, or detection techniques.","processes, deadlock, prevention, avoidance, detection"
Operating System,CPU utilization is very low. Why?,Possible excessive I/O wait or poor scheduling.,"CPU, utilization, low, I/O, scheduling"
Operating System,System becomes slow due to memory issues.,Likely thrashing. Increase memory or optimize paging.,"system, slow, memory, thrashing, paging"
Operating System,Starvation occurs in scheduling.,Low priority processes never get CPU. Use aging technique.,"starvation, scheduling, priority, CPU, aging"
Operating System,Frequent context switching slows system.,Reduce number of processes or increase time slice.,"context, switching, processes, time, slice"
Operating System,High page fault rate observed.,Optimize memory allocation or increase RAM.,"page, fault, memory, allocation, RAM"
Operating System,Need efficient memory allocation.,"Use paging, segmentation, or buddy system.","memory, allocation, paging, segmentation, buddy"
Operating System,Concurrent access leads to inconsistency.,Use synchronization mechanisms like semaphores or mutex.,"concurrent, access, inconsistency, synchronization, semaphores, mutex"
Operating System,File corruption occurs after crash.,Use journaling file systems.,"file, corruption, crash, journaling, systems"
Operating System,Need faster disk access.,Use disk scheduling algorithms like SSTF or SCAN.,"disk, access, scheduling, SSTF, SCAN"
Computer Networks,What is a computer network?,A computer network is a collection of interconnected devices that communicate and share resources.,"computer, network, devices, communicate, resources"
Computer Networks,What is OSI model?,OSI model is a 7-layer architecture used to understand network communication.,"OSI, model, 7-layer, architecture, network, communication"
Computer Networks,What is TCP vs UDP?,TCP is connection-oriented reliable protocol whereas UDP is connectionless faster but unreliable.,"TCP, UDP, connection, oriented, reliable, connectionless, faster, unreliable"
Computer Networks,What is IP address?,A unique identifier assigned to each device on a network.,"IP, address, identifier, device, network"
Computer Networks,What is DNS?,Domain Name System translates domain names into IP addresses.,"DNS, domain, names, IP, addresses"
Computer Networks,What is HTTP vs HTTPS?,HTTPS is secure version of HTTP using encryption (SSL/TLS).,"HTTP, HTTPS, secure, encryption, SSL, TLS"
Computer Networks,What is subnetting?,Dividing a network into smaller subnetworks for efficiency and security.,"subnetting, network, subnetwork, efficiency, security"
Computer Networks,What is latency and bandwidth?,Latency is delay in transmission whereas bandwidth is data transfer capacity.,"latency, bandwidth, delay, transmission, data, transfer, capacity"
Computer Networks,What is packet switching?,Data is broken into packets and transmitted independently.,"packet, switching, data, packets, transmitted"
Computer Networks,Network is slow. Diagnose?,"Check bandwidth, latency, packet loss, congestion and hardware issues.","network, slow, bandwidth, latency, packet, loss, congestion, hardware"
Computer Networks,Frequent packet loss observed.,"Check network congestion, faulty hardware, or interference.","packet, loss, congestion, hardware, interference"
Computer Networks,Website loads slowly.,"Optimize DNS, caching, CDN usage, and reduce latency.","website, slow, DNS, caching, CDN, latency"
Computer Networks,Secure data transmission required.,"Use HTTPS, encryption protocols like TLS.","secure, data, transmission, HTTPS, encryption, TLS"
Computer Networks,High latency in system.,"Optimize routing, reduce hops, use CDN.","latency, system, routing, hops, CDN"
DBMS,What is DBMS?,Database Management System is software to store manage and retrieve data efficiently.,"DBMS, database, management, system, store, retrieve, data"
DBMS,What is normalization?,Process of organizing data to reduce redundancy.,"normalization, data, organize, redundancy"
DBMS,What is primary key?,A unique identifier for each record in a table.,"primary, key, unique, identifier, record, table"
DBMS,What is foreign key?,A key used to link two tables.,"foreign, key, link, tables"
DBMS,What is SQL?,Structured Query Language used to interact with databases.,"SQL, structured, query, language, databases"
DBMS,What is indexing?,Technique to speed up data retrieval.,"indexing, speed, data, retrieval"
DBMS,What is ACID properties?,Atomicity Consistency Isolation Durability ensure reliable transactions.,"ACID, atomicity, consistency, isolation, durability, transactions"
DBMS,What is transaction?,A sequence of operations performed as a single logical unit.,"transaction, operations, logical, unit"
DBMS,What is deadlock in DBMS?,Transactions waiting for each other indefinitely.,"deadlock, DBMS, transactions, waiting"
DBMS,What is join?,Combining rows from multiple tables based on conditions.,"join, rows, tables, conditions"
DBMS,Query execution is slow.,"Optimize queries, add indexing, avoid full table scans.","query, execution, slow, optimize, indexing, table, scans"
DBMS,Database has redundancy issues.,Apply normalization techniques.,"database, redundancy, normalization"
DBMS,Concurrent transactions cause inconsistency.,Use isolation levels and locking mechanisms.,"concurrent, transactions, inconsistency, isolation, locking"
DBMS,Frequent deadlocks in DB.,Use proper transaction ordering and indexing.,"deadlocks, DB, transaction, ordering, indexing"
DBMS,Database performance degrades with size.,"Use partitioning, indexing, caching.","database, performance, partitioning, indexing, caching"
Web Development,You notice your React app re-renders excessively causing performance issues. How would you diagnose and optimize it?,"Identify unnecessary re-renders using React DevTools. Optimize using memoization (React.memo, useMemo, useCallback), proper state management, avoiding inline functions/objects, and splitting components.","React, re-renders, DevTools, memoization, state, management, inline, functions, components"
Web Development,Your REST API works fine locally but is very slow in production under load. What steps would you take to debug and fix it?,"Check server logs, monitor latency, profile database queries, add caching (Redis), use load balancing, optimize endpoints, and scale using multiple instances.","REST, API, response, optimize, caching, endpoints, "
Web Development,Explain how you would design a scalable URL shortener like bit.ly.,"Use hashing for generating short URLs, store mappings in database, use caching for fast lookups, ensure uniqueness, handle collisions, and scale with distributed systems and load balancing.","scalability, microservices, load, balancing, caching, CDN, sharding, horizontal"
Web Development,Your website is vulnerable to XSS attacks. How would you identify and fix it?,"Sanitize user input, escape output, use Content Security Policy, avoid innerHTML, and validate data on both client and server.","XSS, attack, prevention, sanitize, input, escape, output, security"
Web Development,Users report inconsistent UI state across components in a large React app. How would you handle this?,"Use centralized state management like Redux or Context API, ensure single source of truth, and avoid prop drilling.","state, management, Redux, Context, API, prop, drilling"
Web Development,Your backend frequently crashes due to high memory usage. What could be the reasons and solutions?,"Possible memory leaks, large object retention, or inefficient queries. Use profiling tools, optimize data handling, and implement garbage collection-friendly patterns.","memory, leaks, backend, profiling, garbage, collection, optimization"
Web Development,How would you implement real-time chat functionality in a web app?,"Use WebSockets or libraries like Socket.io, manage connections efficiently, and handle scaling using message brokers.","real-time, chat, WebSockets, Socket.io, connections, brokers"
Web Development,Your application needs to support millions of users. What architecture would you choose?,"Use microservices, load balancing, caching, CDN, database sharding, and horizontal scaling.","architecture, large-scale, microservices, load, balancing, caching, sharding"
Web Development,Explain how browser rendering works and how to optimize it.,"Browser parses HTML to DOM, CSS to CSSOM, builds render tree, layout, and paint. Optimize by minimizing reflows, reducing DOM size, and using efficient CSS.","browser, rendering, HTML, CSS, DOM, layout, paint, performance"
Web Development,How would you secure authentication in a web application?,"Use HTTPS, hash passwords (bcrypt), implement JWT or OAuth, protect against CSRF/XSS, and use secure cookies.","authentication, HTTPS, passwords, JWT, OAuth, CSRF, XSS, cookies"
Web Development,Your API is being abused by too many requests. How do you handle it?,"Implement rate limiting, API keys, throttling, and monitoring.","rate, limiting, APIs, throttling, requests, protection"
Web Development,Explain how you would debug a production issue where users intermittently get 500 errors.,"Check logs, monitor metrics, reproduce issue, inspect stack traces, and add better error handling.","debugging, production, logs, monitoring, profiling"
Web Development,What strategies would you use to improve SEO of a web application?,"Use server-side rendering, proper meta tags, semantic HTML, fast loading, and structured data.","SEO, optimization, search, engine, ranking, metadata"
Web Development,Your app needs offline support. How would you implement it?,"Use service workers, caching strategies, and progressive web app techniques.","offline, support, caching, service, workers, PWA"
Web Development,Explain the difference between SSR and CSR and when to use each.,"SSR renders on server improving SEO and initial load, CSR renders on client improving interactivity. Use SSR for SEO-heavy apps and CSR for dynamic apps.","SSR, CSR, server-side, client-side, rendering"
Web Development,How would you optimize database interactions in a high-traffic web app?,"Use indexing, query optimization, caching, connection pooling, and batching.","database, optimization, queries, indexing, caching"
Web Development,Your frontend bundle size is too large. How do you reduce it?,"Use code splitting, lazy loading, tree shaking, and remove unused dependencies.","bundle, size, reduction, minification, compression, tree-shaking"
Web Development,Explain how you would handle file uploads securely and efficiently.,"Validate file type/size, store in cloud storage, use streaming, and scan for malware.","file, upload, security, validation, scanning"
Web Development,Your app suffers from race conditions in async calls. How do you fix it?,"Use proper state handling, cancellation tokens, and synchronization mechanisms.","race, conditions, concurrency, synchronization, locks"
Web Development,Design a notification system for a web application.,"Use message queues, push notifications, WebSockets, and scalable backend services.","notification, systems, push, real-time, alerts"
Web Development,What is authentication vs authorization?,Authentication verifies identity whereas authorization determines access rights.,"authentication, authorization, identity, access, control"
Web Development,What is session vs cookies?,Session stored on server while cookies stored on client.,"sessions, cookies, storage, authentication"
Web Development,What is JWT?,JSON Web Token used for secure data transmission and authentication.,"JWT, authentication, tokens, stateless"
Web Development,What is MVC architecture?,Model View Controller separates application logic UI and control.,"MVC, architecture, model, view, controller"
Web Development,Website loads very slowly. Diagnose?,Optimize images reduce requests use caching CDN and minify assets.,"website, performance, optimization, caching, rendering"
Web Development,API responses are slow.,Optimize database queries use caching and scale backend.,"API, response, optimization, caching, endpoints"
Web Development,User sessions getting lost.,Check session storage configuration and cookie settings.,"session, management, authentication, persistence"
Web Development,Security vulnerability in login system.,Use hashing HTTPS and proper validation.,"security, vulnerability, login, hashing, HTTPS, validation"
Web Development,Frequent server crashes.,Check logs memory leaks and scale infrastructure.,"server, crashes, logs, memory, leaks, scale, infrastructure"
Web Development,Need to handle high traffic.,Use load balancing caching CDN and horizontal scaling.,"traffic, load, balancing, caching, CDN, horizontal, scaling"
Web Development,Frontend state management becomes complex.,Use tools like Redux or Context API.,"frontend, state, management, Redux, Context, API"
Web Development,Database queries slow with large data.,Use indexing pagination and query optimization.,"database, queries, slow, indexing, pagination, optimization"
Web Development,Real-time updates required.,Use WebSockets or polling mechanisms.,"real-time, updates, WebSockets, polling"
Backend Development,What is REST API?,REST API follows stateless client-server communication using HTTP methods.,"REST, API, stateless, client-server, HTTP, methods"
Backend Development,What is middleware?,Middleware handles request processing between client and server.,"middleware, request, processing, client, server"
Backend Development,What is authentication vs authorization?,Authentication verifies identity while authorization checks permissions.,"authentication, authorization, identity, permissions"
Backend Development,What is JWT?,JWT is a token used for secure data transmission.,"JWT, token, secure, data, transmission"
Backend Development,What is MVC architecture?,MVC separates Model View Controller components.,"MVC, architecture, model, view, controller"
Backend Development,What is API rate limiting?,It restricts number of requests to prevent abuse.,"API, rate, limiting, requests, abuse"
Backend Development,What is session management?,It maintains user state across multiple requests.,"session, management, user, state, requests"
Backend Development,What is the difference between synchronous and asynchronous request handling?,"Synchronous blocks until a response is returned, asynchronous allows other tasks to run while waiting.","asynchronous, request, handling, tasks"
Backend Development,How does connection pooling improve database performance?,"It reuses existing connections instead of creating new ones, reducing overhead and latency.","connection, pooling, database, performance, reuse, latency"
Backend Development,What is caching and where can it be applied in backend systems?,"Caching stores frequently accessed data in memory (e.g., Redis, Memcached) to reduce DB calls.","caching, backend, data, memory, Redis, Memcached"
Backend Development,Explain the difference between SQL and NoSQL databases in backend design.,"SQL uses structured tables and schemas, NoSQL is schema‑less and optimized for scalability and flexibility.","SQL, NoSQL, structured, schema, scalability, flexibility"
Backend Development,What is API rate limiting and why is it important?,It restricts the number of requests per client to prevent abuse and ensure fair resource usage.,"API, rate, limiting, requests, abuse, fair, usage"
Backend Development,How do you design a fault‑tolerant backend system?,"Use redundancy, replication, graceful degradation, retries, and monitoring to handle failures.","fault-tolerant, backend, redundancy, replication, retries, monitoring"
Backend Development,What is the difference between horizontal and vertical scaling in backend systems?,"Horizontal scaling adds more servers, vertical scaling increases resources of a single server.","scaling, horizontal, servers, vertical, resources"
Backend Development,How do you secure REST APIs?,"Use HTTPS, authentication (JWT/OAuth2), input validation, rate limiting, and proper error handling.","secure, REST, APIs, HTTPS, JWT, OAuth2, validation, rate, limiting"
Backend Development,What is the role of a reverse proxy in backend architecture?,"It forwards client requests to backend servers, providing load balancing, caching, and security.","reverse, proxy, backend, load, balancing, caching, security"
Backend Development,What is caching?,Caching stores frequently accessed data for faster retrieval.,"caching, data, retrieval, memory"
Backend Development,How do you handle long‑running tasks in backend systems?,"Offload to background workers/queues (e.g., Celery, RabbitMQ, Kafka) instead of blocking API responses.","backend, long-running, tasks, background, workers, queues, Celery, RabbitMQ, Kafka"
AIML,What is machine learning?,Machine learning enables systems to learn from data.,"machine, learning, systems, data"
AIML,What is overfitting?,Overfitting occurs when model learns noise.,"overfitting, model, noise"
AIML,What is underfitting?,Underfitting fails to capture patterns.,"underfitting, patterns, fail"
AIML,What is supervised learning?,Learning using labeled data.,"supervised, learning, labeled, data"
AIML,What is unsupervised learning?,Learning without labeled data.,"unsupervised, learning, unlabeled, data"
AIML,What is classification?,Predicting discrete output categories.,"classification, discrete, output, categories"
AIML,What is regression?,Predicting continuous values.,"regression, continuous, values"
AIML,What is gradient descent?,Optimization algorithm to minimize loss function.,"gradient, descent, optimization, algorithm, minimize, loss, function"
AIML,What is the difference between classification and regression?,"Classification predicts discrete labels, regression predicts continuous values.","classification, discrete, labels, regression, continuous, values"
AIML,Explain bias–variance tradeoff.,"High bias underfits data, high variance overfits; the tradeoff balances model complexity and generalization.","bias, variance, tradeoff, underfit, overfit, complexity, generalization"
AIML,What is regularization and why is it used?,Regularization (L1/L2) penalizes large weights to prevent overfitting and improve generalization.,"regularization, L1, L2, weights, overfitting, generalization"
AIML,What is the difference between batch gradient descent and stochastic gradient descent?,"Batch uses the whole dataset per update, SGD uses one sample per update, mini‑batch uses subsets.","batch, gradient, descent, stochastic, dataset, update, mini-batch"
AIML,Explain the concept of a confusion matrix.,"A table showing true positives, false positives, true negatives, and false negatives for classification.","confusion, matrix, true, positives, false, negatives, classification"
AIML,"What is precision, recall, and F1‑score?","Precision = TP/(TP+FP), Recall = TP/(TP+FN), F1 = harmonic mean of precision and recall.","precision, recall, F1, TP, FP, FN, harmonic, mean"
AIML,What is the difference between CNN and RNN?,"CNNs capture spatial features (images), RNNs capture sequential dependencies (text, time series).","CNN, RNN, spatial, features, sequential, dependencies, images, text, time-series"
AIML,Explain word embeddings.,"Dense vector representations of words that capture semantic meaning (e.g., Word2Vec, GloVe).","word, embeddings, dense, vector, semantic, meaning, Word2Vec, GloVe"
AIML,What is transfer learning?,Using a pre‑trained model on one task and fine‑tuning it for another related task.,"transfer, learning, pre-trained, model, fine-tuning, task"
AIML,What is reinforcement learning?,"Learning by interacting with an environment, receiving rewards/punishments, and optimizing actions.","reinforcement, learning, environment, rewards, punishments, actions"
AIML,Explain overfitting in neural networks.,"When the model memorizes training data instead of generalizing; solved with dropout, regularization, or more data.","overfitting, neural, networks, training, data, generalization, dropout, regularization"
AIML,What is dropout?,A regularization technique where random neurons are ignored during training to prevent overfitting.,"dropout, regularization, neurons, training, overfitting"
AIML,What is the vanishing gradient problem?,"Gradients shrink during backpropagation in deep networks, slowing or preventing learning.","vanishing, gradient, problem, backpropagation, deep, networks, learning"
AIML,How does backpropagation work?,It computes gradients of loss w.r.t. weights by propagating errors backward through the network.,"backpropagation, gradients, loss, weights, errors, network"
AIML,What is a decision tree?,A tree‑structured model that splits data based on feature values to make predictions.,"decision, tree, model, data, feature, values, predictions"
Data Science,What is hypothesis testing?,Statistical method to test assumptions.,"hypothesis, testing, statistical, assumptions"
Data Science,What is p-value?,Probability under null hypothesis.,"p-value, probability, null, hypothesis"
Data Science,What is mean median mode?,Measures of central tendency.,"mean, median, mode, central, tendency"
Data Science,What is standard deviation?,Measure of data spread.,"standard, deviation, data, spread"
Data Science,What is EDA?,Exploratory Data Analysis for patterns.,"EDA, exploratory, data, analysis, patterns"
Data Science,What is data cleaning?,Process of fixing missing or incorrect data.,"data, cleaning, missing, incorrect"
Data Science,What is correlation?,Measure of relationship between variables.,"correlation, relationship, variables"
Data Science,What is normalization?,Scaling data to a specific range.,"normalization, scaling, data, range"
Data Science,What is the difference between structured and unstructured data?,"Structured data fits into rows/columns (SQL tables), unstructured data includes text, images, audio, etc.","structured, unstructured, data, SQL, tables, text, images, audio"
Data Science,"Explain the difference between descriptive, predictive, and prescriptive analytics.","Descriptive = summarize past data, Predictive = forecast future outcomes, Prescriptive = recommend actions.","descriptive, predictive, prescriptive, analytics, summarize, forecast, recommend"
Data Science,What is the difference between correlation and causation?,"Correlation shows statistical association, causation means one variable directly affects another.","correlation, causation, association, variable, affect"
Data Science,What is feature engineering?,Creating new input features or transforming existing ones to improve model performance.,"feature, engineering, input, transform, model, performance"
Data Science,Explain normalization vs standardization.,"Normalization scales values to [0,1], standardization centers data to mean 0 and variance 1.","normalization, standardization, scale, values, mean, variance"
Data Science,What is the difference between supervised and unsupervised learning?,"Supervised uses labeled data, unsupervised finds patterns in unlabeled data.","supervised, unsupervised, learning, labeled, unlabeled, data"
Data Science,What is cross‑validation and why is it important?,Splitting data into folds to test model generalization and avoid overfitting.,"cross-validation, folds, generalization, overfitting"
Data Science,Explain the difference between Type I and Type II errors.,"Type I = false positive (rejecting true null), Type II = false negative (failing to reject false null).","type, I, II, errors, false, positive, negative, null"
Data Science,What is the curse of dimensionality?,"As features increase, data becomes sparse, making models harder to train and generalize.","curse, dimensionality, features, sparse, models, generalization"
Data Science,What is the difference between classification accuracy and ROC‑AUC?,"Accuracy measures correct predictions, ROC‑AUC measures ability to distinguish classes across thresholds.","accuracy, ROC-AUC, classification, predictions, thresholds"
Data Science,What is a confusion matrix?,"A table showing TP, FP, TN, FN to evaluate classification performance.","confusion, matrix, TP, FP, TN, FN, classification"
Data Science,What is the difference between parametric and non‑parametric models?,"Parametric assumes fixed form (e.g., linear regression), non‑parametric adapts to data (e.g., k‑NN).","parametric, non-parametric, fixed, form, linear, regression, k-NN, data"
Data Science,Explain the difference between regression and clustering.,"Regression predicts continuous values, clustering groups data into clusters without labels.","regression, continuous, values, clustering, groups, data, labels"
Data Science,What is dimensionality reduction?,Techniques like PCA reduce features while preserving variance to simplify models.,"dimensionality, reduction, PCA, features, variance, simplify, models"
Data Science,What is data cleaning and why is it important?,"Removing duplicates, handling missing values, correcting errors — ensures reliable analysis and models.","data, cleaning, duplicates, missing, values, errors, reliable, analysis"
System Design,What is scalability?,Ability to handle increased load.,"scalability, load, handle, increased"
System Design,What is load balancing?,Distributing traffic across servers.,"load, balancing, traffic, servers, distribute"
System Design,What is microservices?,Architecture with independent services.,"microservices, architecture, independent, services"
System Design,What is monolithic architecture?,Single unified system.,"monolithic, architecture, unified, system"
System Design,What is database sharding?,Splitting database into parts.,"database, sharding, splitting, parts"
System Design,What is caching in system design?,Stores data for faster access.,"caching, system, design, data, faster, access"
System Design,What is CDN?,Content Delivery Network improves latency.,"CDN, content, delivery, network, latency"
System Design,What is fault tolerance?,System continues working despite failures.,"fault, tolerance, system, failures, continue"
System Design,What is the difference between monolithic and microservices architecture?,"Monolithic is a single codebase, microservices split functionality into independent services communicating via APIs.","monolithic, microservices, architecture, codebase, APIs"
System Design,How would you design a URL shortener like Bitly?,"Use hash functions for unique IDs, a database to store mappings, caching for fast lookups, and replication for scalability.","URL, shortener, hash, functions, IDs, database, caching, replication, scalability"
System Design,What is CAP theorem and why is it important?,"It states that in distributed systems you can only guarantee two of Consistency, Availability, and Partition tolerance.","CAP, theorem, consistency, availability, partition, tolerance, distributed"
System Design,How do you design a scalable chat application?,"Use WebSockets for real‑time communication, sharded databases for message storage, and load balancers for scaling.","chat, application, scalable, WebSockets, communication, databases, load, balancers"
System Design,What is the difference between horizontal and vertical scaling?,"Horizontal scaling adds more machines, vertical scaling increases resources of a single machine.","scaling, horizontal, machines, vertical, resources"
System Design,How would you design a recommendation system?,"Use collaborative filtering, content‑based filtering, or hybrid approaches with caching and batch updates.","recommendation, system, collaborative, filtering, content-based, hybrid, caching, batch"
System Design,What is the role of a message queue in system design?,"It decouples producers and consumers, enabling asynchronous processing and fault tolerance.","message, queue, producers, consumers, asynchronous, processing, fault, tolerance"
System Design,How do you design a system to handle millions of concurrent users?,"Use load balancing, distributed caching, database sharding, and horizontal scaling with monitoring.","concurrent, users, load, balancing, caching, sharding, horizontal, scaling, monitoring"
System Design,What is CDN and why is it used?,Content Delivery Network caches content at edge servers to reduce latency and improve availability.,"CDN, content, delivery, network, latency, availability"
System Design,How would you design a logging and monitoring system?,"Collect logs centrally, use tools like ELK/Prometheus, add alerting, and ensure scalability with distributed storage.","logging, monitoring, ELK, Prometheus, alerting, scalability, distributed"
System Design,How do you design a payment gateway system?,"Ensure security with encryption, PCI compliance, transaction logs, retries, and integration with banks/APIs.","payment, gateway, security, encryption, PCI, compliance, transactions, banks, APIs"
System Design,What is database sharding?,Splitting a database into smaller parts distributed across servers to improve scalability and performance.,"database, sharding, servers, scalability, performance"
System Design,How would you design a scalable file storage system like Google Drive?,"Use distributed storage, metadata servers, replication, chunking of files, and CDN for fast access.","file, storage, scalable, distributed, metadata, replication, chunking, CDN"
System Design,What is eventual consistency?,"In distributed systems, updates propagate asynchronously, and all nodes become consistent over time.","eventual, consistency, distributed, systems, updates, asynchronous"
System Design,How do you design a rate limiter?,"Use token bucket or leaky bucket algorithms, store counters in Redis, and enforce limits per client.","rate, limiter, token, bucket, leaky, bucket, Redis, client"
Cloud & DevOps,What is cloud computing?,Delivery of computing services over internet.,"cloud, computing, services, internet"
Cloud & DevOps,What is AWS?,Cloud platform for infrastructure.,"AWS, cloud, platform, infrastructure"
Cloud & DevOps,What is Docker?,Tool for containerization.,"Docker, containerization, tool"
Cloud & DevOps,What is Kubernetes?,Container orchestration system.,"Kubernetes, container, orchestration, system"
Cloud & DevOps,What is CI/CD?,Continuous integration and deployment.,"CI, CD, continuous, integration, deployment"
Cloud & DevOps,What is virtualization?,Creating virtual versions of resources.,"virtualization, virtual, resources"
Cloud & DevOps,What is infrastructure as code?,Managing infrastructure via code.,"infrastructure, code, IaC, Terraform, CloudFormation, automation"
Cloud & DevOps,What is scaling?,Increasing resources to handle load.,"scaling, resources, load"
Cloud & DevOps,What is Infrastructure as Code (IaC)?,"IaC is managing infrastructure using code (e.g., Terraform, CloudFormation) to ensure consistency and automation.","continuous, integration, deployment, CI, CD, testing, production"
Cloud & DevOps,Explain the difference between continuous integration and continuous deployment.,"CI automates code integration and testing, CD automates deployment of tested code to production.","CI, CD, integration, testing, deployment, production"
Cloud & DevOps,What is containerization and why is it important?,"Containerization packages applications with dependencies (e.g., Docker) for portability and consistency across environments.","containerization, Docker, portability, consistency, dependencies"
Cloud & DevOps,What is Kubernetes and why is it used?,"Kubernetes is a container orchestration system that automates deployment, scaling, and management of containerized applications.","Kubernetes, container, orchestration, deployment, scaling, management"
Cloud & DevOps,"Explain the difference between public, private, and hybrid cloud.","Public cloud is shared infrastructure (AWS, Azure), private cloud is dedicated, hybrid combines both.","public, private, hybrid, cloud, AWS, Azure, shared, dedicated"
Cloud & DevOps,What is serverless computing?,"Serverless allows running code without managing servers, scaling automatically (e.g., AWS Lambda, Azure Functions).","serverless, computing, code, servers, scaling, AWS, Lambda, Azure, Functions"
Cloud & DevOps,How do you implement monitoring in DevOps?,"Use tools like Prometheus, Grafana, ELK stack, and set up alerts for metrics/logs.","monitoring, Prometheus, Grafana, ELK, alerts, metrics, logs"
Cloud & DevOps,What is blue‑green deployment?,A deployment strategy where two environments (blue and green) are used to switch traffic seamlessly during updates.,"blue-green, deployment, environments, traffic, updates"
Cloud & DevOps,What is rolling deployment?,Gradually replacing old instances with new ones to minimize downtime and risk.,"rolling, deployment, instances, downtime, risk"
Cloud & DevOps,How do you ensure high availability in cloud systems?,"Use load balancers, replication, auto‑scaling, and multi‑region deployments.","high, availability, load, balancers, replication, auto-scaling, multi-region"
Cloud & DevOps,What is a CI/CD pipeline?,"A set of automated steps for building, testing, and deploying applications.","CI/CD, pipeline, automated, build, test, deploy"
Cloud & DevOps,What is the difference between Docker image and Docker container?,"Image is a blueprint, container is a running instance of that image.","Docker, image, container, blueprint, instance"
Cloud & DevOps,How do you secure cloud applications?,"Use IAM roles, encryption, firewalls, secure APIs, and regular audits.","cloud, security, IAM, encryption, firewalls, APIs, audits"
Cloud & DevOps,What is cloud auto‑scaling?,Automatically adjusting resources based on demand to optimize performance and cost.,"cloud, auto-scaling, resources, demand, performance, cost"
Cloud & DevOps,Explain the concept of observability.,"Observability is the ability to understand system state using logs, metrics, and traces.","observability, logs, metrics, traces, system, state"
Cybersecurity,What is encryption?,Securing data by converting it.,"encryption, data, security"
Cybersecurity,What is hashing?,One-way function for data security.,"hashing, one-way, function, security"
Cybersecurity,What is phishing?,Fraudulent attempt to steal data.,"phishing, fraudulent, data, theft"
Cybersecurity,What is firewall?,Filters network traffic.,"firewall, network, traffic, filter"
Cybersecurity,What is SSL?,Protocol for secure communication.,"SSL, secure, communication, protocol"
Cybersecurity,What is malware?,Software designed to harm systems.,"malware, software, harm, systems"
Cybersecurity,What is authentication?,Verifying user identity.,"authentication, user, identity"
Cybersecurity,What is authorization?,Granting access permissions.,"authorization, access, permissions"
Cybersecurity,What is the difference between symmetric and asymmetric encryption?,"Symmetric uses one key for encryption/decryption, asymmetric uses public/private key pairs.","symmetric, asymmetric, encryption, key, public, private"
Cybersecurity,What is hashing and why is it important in security?,"Hashing generates fixed‑length values from data, ensuring integrity and used in password storage.","hashing, integrity, passwords, storage"
Cybersecurity,What is SQL injection and how do you prevent it?,An attack where malicious SQL is inserted into queries; prevent using parameterized queries or ORM.,"SQL, injection, attack, parameterized, queries, ORM"
Cybersecurity,What is cross‑site scripting (XSS)?,Injection of malicious scripts into web pages; prevented with input validation and output encoding.,"XSS, scripts, injection, validation, encoding"
Cybersecurity,What is cross‑site request forgery (CSRF)?,Trick users into executing unwanted actions; prevented with CSRF tokens and same‑site cookies.,"CSRF, tokens, cookies, validation"
Cybersecurity,What is the difference between IDS and IPS?,"IDS detects malicious activity, IPS detects and blocks it in real time.","IDS, IPS, detection, blocking, real-time"
Cybersecurity,What is a firewall and how does it work?,"A firewall filters traffic based on rules, blocking unauthorized access while allowing legitimate traffic.","firewall, traffic, rules, access, block"
Cybersecurity,What is phishing and how can it be mitigated?,"Fraudulent attempts to steal data via fake emails/sites; mitigated with awareness, filters, and MFA.","phishing, emails, filters, MFA, awareness"
Cybersecurity,What is ransomware?,"Malware that encrypts files and demands payment; mitigated with backups, patching, and endpoint protection.","ransomware, malware, encryption, payment, backups, protection"
Cybersecurity,What is penetration testing?,Simulated attacks to identify vulnerabilities before malicious actors exploit them.,"penetration, testing, vulnerabilities, attacks"
Cybersecurity,What is zero‑trust security?,"A model where no user/system is trusted by default, requiring continuous verification.","zero-trust, security, verification, user, system"
Cybersecurity,What is multi‑factor authentication (MFA)?,"Security requiring two or more verification methods (password + OTP, biometrics, etc.).","MFA, authentication, password, OTP, biometrics"
Cybersecurity,What is social engineering in cybersecurity?,Manipulating people to reveal confidential information; mitigated with training and awareness.,"social, engineering, manipulation, confidential, awareness"
Cybersecurity,What is a DDoS attack?,Distributed Denial of Service floods servers with traffic to make them unavailable.,"DDoS, attack, traffic, servers, unavailable"
Cybersecurity,What is public key infrastructure (PKI)?,A framework for managing digital certificates and encryption keys to secure communications.,"PKI, certificates, encryption, keys, communication"
OOPS,What is OOP?,Programming based on objects.,"OOP, objects, programming"
OOPS,What is polymorphism?,"Polymorphism allows methods or operators to behave differently based on context (compile‑time via overloading, runtime via overriding).","polymorphism, methods, operators, overloading, overriding"
OOPS,What is abstraction?,Hiding implementation details.,"abstraction, implementation, details, hide"
OOPS,What is process?,Program in execution.,"process, hardware, software, resources"
OOPS,What is thread?,Smallest unit of execution.,"thread, program, execution"
OOPS,What are the four pillars of OOP?,"Encapsulation, Abstraction, Inheritance, and Polymorphism.","encapsulation, abstraction, inheritance, polymorphism"
OOPS,What is encapsulation and why is it important?,"Encapsulation bundles data and methods together, restricting direct access to internal state for security and modularity.","encapsulation, data, methods, access, security, modularity"
OOPS,What is abstraction?,"Abstraction hides implementation details and exposes only essential features, achieved via abstract classes and interfaces.","abstraction, implementation, details, essential, features, classes, interfaces"
OOPS,What is inheritance?,"Inheritance allows one class to acquire properties and behaviors of another, promoting code reuse.","inheritance, class, properties, behaviors, code, reuse"
OOPS,What is the difference between an abstract class and an interface?,"Abstract classes can have implemented methods and state, interfaces only define contracts with no implementation (in most languages).","abstract, class, interface, methods, state, contracts, implementation"
OOPS,What is method overloading vs method overriding?,Overloading defines multiple methods with the same name but different parameters; overriding redefines a method in a subclass with the same signature.,"overloading, overriding, methods, parameters, subclass, signature"
OOPS,What is a constructor and why is it used?,"A constructor initializes objects when they are created, often setting default values or allocating resources.","constructor, initialize, objects, default, values, resources"
OOPS,What is a destructor?,A destructor cleans up resources when an object goes out of scope or is deleted.,"destructor, cleanup, resources, object, scope, deleted"
OOPS,What is the difference between composition and inheritance?,"Composition builds classes by combining other classes (has‑a relationship), inheritance extends existing classes (is‑a relationship).","composition, inheritance, classes, has-a, is-a, relationship"
OOPS,What is multiple inheritance and what issues can arise?,Multiple inheritance allows a class to inherit from more than one class; issues include ambiguity (diamond problem).,"multiple, inheritance, class, ambiguity, diamond, problem"
OOPS,What is the diamond problem in OOP?,Ambiguity when a class inherits from two classes that share a common base; solved with virtual inheritance or interfaces.,"diamond, problem, class, inheritance, base, virtual, interfaces"
OOPS,What is a virtual function?,A function declared in a base class that can be overridden in derived classes to achieve runtime polymorphism.,"virtual, function, base, class, overridden, runtime, polymorphism"
OOPS,What is object slicing?,"Occurs when a derived class object is assigned to a base class object, losing derived‑specific data.","object, slicing, derived, base, class, data, loss"
OOPS,What is the difference between static and dynamic binding?,"Static binding resolves method calls at compile time, dynamic binding resolves them at runtime using virtual functions.","static, dynamic, binding, compile, runtime, virtual, functions"
